day_of_week,is_weekend,month,store_area,promotion,holiday,price_index,competitor_distance_km,temperature_C,foot_traffic,prev_day_sales,sales
6,1,7,103.3,1,0,1.042,1.73,18.4,742.0,472.0,1772.7
3,0,10,57.8,1,0,0.985,4.4,8.7,298.0,186.0,1755.96
4,0,3,212.9,0,0,0.938,1.68,14.2,938.0,524.0,2555.9
6,1,1,142.1,0,0,1.074,2.0,29.9,730.0,326.0,2099.44
2,0,5,266.1,1,0,0.942,1.46,13.6,967.0,607.0,2224.5
4,0,4,168.3,0,0,1.098,0.11,10.2,549.0,314.0,1892.39
4,0,10,292.0,0,0,0.983,0.53,21.3,691.0,386.0,1886.17
6,1,8,96.4,0,0,1.095,1.35,8.3,494.0,169.0,1441.91
1,0,1,267.2,1,0,1.041,0.74,10.4,874.0,557.0,2165.16
2,0,10,244.1,0,0,0.992,0.4,30.6,817.0,426.0,2057.03
6,1,1,242.7,0,0,0.969,1.4,29.6,1158.0,578.0,2491.1
2,0,12,261.2,1,0,0.98,0.78,33.6,891.0,466.0,2036.16
2,0,4,240.3,1,0,1.026,0.6,31.9,639.0,413.0,2461.41
4,0,8,206.6,0,0,1.005,1.25,27.1,613.0,499.0,2268.87
3,0,5,82.8,0,0,0.964,0.29,9.5,514.0,282.0,1201.86
2,0,2,58.1,1,0,0.99,5.26,29.9,149.0,159.0,2045.29
5,1,6,280.2,0,0,1.005,4.05,31.7,1257.0,718.0,2649.65
4,0,5,204.2,0,0,0.872,2.46,30.4,889.0,521.0,2453.34
1,0,2,249.1,0,0,1.027,0.22,22.2,918.0,658.0,1342.44
3,0,11,170.4,1,0,0.941,2.99,14.5,510.0,330.0,2901.83
5,1,11,79.3,0,0,0.931,3.3,31.7,877.0,296.0,2306.98
5,1,11,81.3,1,0,0.899,2.92,28.4,1032.0,260.0,2188.55
1,0,3,221.4,1,0,0.892,0.24,35.5,692.0,430.0,1618.0
3,0,9,157.6,0,0,0.919,2.07,12.4,789.0,484.0,1952.21
4,0,7,100.1,0,0,0.957,3.6,14.3,543.0,393.0,1041.13
0,0,7,172.9,0,0,1.117,1.72,13.9,343.0,413.0,1555.76
3,0,11,66.1,0,0,0.968,2.08,30.2,523.0,100.0,1467.82
1,0,6,195.5,0,0,1.011,1.23,13.2,780.0,537.0,1540.4
5,1,8,117.2,1,0,1.024,1.5,9.9,638.0,181.0,2243.32
4,0,4,249.4,0,0,1.008,0.07,36.0,931.0,617.0,2442.72
3,0,8,127.6,1,0,0.995,2.04,8.7,360.0,256.0,2055.35
0,0,4,163.8,0,0,0.928,0.17,31.4,520.0,417.0,1592.12
0,0,8,52.9,0,0,1.087,1.14,18.2,335.0,84.0,498.38
2,0,9,68.1,0,0,1.108,0.69,31.6,331.0,302.0,1442.79
2,0,3,148.1,0,0,0.899,1.58,23.5,611.0,243.0,1537.4
6,1,3,170.0,0,0,0.939,0.29,33.2,999.0,410.0,1505.23
1,0,11,200.0,0,0,0.983,2.35,33.9,781.0,376.0,2438.35
3,0,2,122.9,0,0,0.942,3.17,8.3,707.0,208.0,2382.15
3,0,10,223.7,0,0,1.03,0.36,10.1,702.0,477.0,1782.76
6,1,3,265.0,0,0,0.956,0.22,15.0,1146.0,752.0,3138.54
5,1,3,245.0,0,0,1.13,0.31,26.7,807.0,729.0,2039.18
5,1,5,59.9,0,0,1.071,4.19,32.9,795.0,299.0,1514.62
6,1,5,170.1,1,0,1.013,1.5,20.9,730.0,499.0,1969.87
5,1,2,76.2,0,0,1.062,1.26,25.0,843.0,339.0,2147.12
2,0,12,110.5,0,0,1.066,0.23,13.3,459.0,324.0,985.54
3,0,10,296.7,0,0,0.966,2.1,30.5,762.0,541.0,2484.4
6,1,6,85.6,0,0,0.951,4.05,35.1,884.0,355.0,1664.67
3,0,5,174.7,0,0,1.005,3.52,15.5,660.0,445.0,1657.33
0,0,6,204.5,0,0,1.052,1.97,21.9,760.0,411.0,2240.95
2,0,1,225.6,0,0,1.008,0.16,10.4,890.0,502.0,1828.46
4,0,5,189.9,0,0,0.905,0.24,23.7,815.0,446.0,1749.17
2,0,9,52.4,0,0,0.952,0.1,22.1,382.0,265.0,1508.18
6,1,12,131.6,0,0,0.996,0.6,12.0,885.0,310.0,2256.94
4,0,10,179.4,0,0,0.995,0.29,20.4,663.0,404.0,1904.15
0,0,2,72.0,1,0,1.118,0.6,17.4,408.0,381.0,1314.33
6,1,1,137.7,0,0,0.917,0.97,22.6,600.0,438.0,1434.98
1,0,10,58.3,0,0,1.03,5.73,24.4,440.0,326.0,1467.88
3,0,11,69.6,0,0,1.089,1.89,8.2,273.0,200.0,1139.44
0,0,9,149.2,0,0,1.136,3.6,29.3,661.0,397.0,1374.79
3,0,10,83.2,0,0,0.976,2.48,28.0,565.0,353.0,1739.18
5,1,9,191.9,0,0,1.029,0.24,18.3,883.0,592.0,1945.57
1,0,9,222.4,0,0,1.034,2.66,9.5,769.0,324.0,1312.39
1,0,6,250.1,0,0,1.012,0.64,29.1,669.0,389.0,1565.57
0,0,8,100.0,0,0,0.994,2.04,34.7,701.0,425.0,1470.89
1,0,11,91.9,0,0,1.026,0.83,14.7,697.0,287.0,1420.43
4,0,1,76.1,0,0,0.848,12.13,17.1,651.0,228.0,2674.5
1,0,10,209.1,0,0,1.041,0.61,13.1,868.0,384.0,1965.48
3,0,4,226.6,0,0,1.008,0.65,24.2,677.0,423.0,1542.48
3,0,1,57.9,1,0,0.987,5.34,12.3,333.0,84.0,1724.52
6,1,8,284.1,0,1,1.123,0.05,18.0,950.0,758.0,1169.53
3,0,1,63.0,0,0,0.96,2.39,27.5,519.0,238.0,1479.44
6,1,3,185.3,0,0,0.976,2.58,23.7,848.0,447.0,2191.09
3,0,4,227.3,1,0,1.119,3.62,18.8,700.0,520.0,2784.69
4,0,8,267.7,0,0,0.95,7.33,19.8,922.0,643.0,2542.34
6,1,6,228.5,0,0,0.967,7.43,23.7,870.0,584.0,2975.37
2,0,10,250.4,0,0,0.991,0.14,8.2,872.0,621.0,2363.33
5,1,12,134.9,0,0,1.05,3.45,10.2,823.0,336.0,1526.54
0,0,7,253.7,0,0,1.012,2.08,32.7,816.0,504.0,2906.97
3,0,8,70.0,0,0,0.922,2.08,10.2,656.0,337.0,1588.84
1,0,2,273.7,1,0,0.968,0.27,27.8,733.0,493.0,2139.51
3,0,10,186.9,0,0,0.964,2.1,33.8,766.0,437.0,2514.56
1,0,11,254.3,0,0,0.995,8.09,15.6,673.0,532.0,3014.32
5,1,8,163.1,1,0,1.026,4.86,18.4,667.0,452.0,2250.43
5,1,3,210.9,0,0,1.025,1.16,23.9,821.0,335.0,1725.33
5,1,7,181.6,0,0,0.893,0.08,32.7,857.0,506.0,1886.4
1,0,3,232.9,0,0,1.064,0.9,34.4,636.0,448.0,2091.95
3,0,7,70.4,0,0,1.015,3.5,28.7,400.0,281.0,1781.2
5,1,11,65.1,0,0,1.083,2.42,10.4,648.0,330.0,1590.01
4,0,12,111.8,1,0,1.027,1.23,26.7,458.0,414.0,1834.44
6,1,2,89.9,0,0,1.066,0.11,19.5,423.0,361.0,1727.09
1,0,10,267.9,0,0,1.028,1.11,21.2,945.0,678.0,2124.81
1,0,6,104.8,0,0,1.081,1.27,9.4,328.0,367.0,1546.66
3,0,3,294.0,1,0,1.031,5.28,13.3,850.0,606.0,2683.79
1,0,3,134.2,1,0,0.994,2.05,30.1,628.0,349.0,2189.32
1,0,9,95.5,1,0,1.136,0.75,20.7,379.0,320.0,1529.37
5,1,7,247.4,0,0,1.053,1.49,16.4,1073.0,630.0,2243.45
3,0,5,214.7,0,0,1.034,0.14,18.8,752.0,443.0,1685.42
5,1,12,174.5,0,0,0.923,7.19,31.9,822.0,466.0,2698.48
6,1,10,188.8,0,0,0.923,0.89,29.0,1216.0,527.0,2017.03
6,1,7,229.8,0,0,1.018,1.3,15.6,965.0,461.0,1828.94
5,1,9,107.1,0,0,1.009,0.88,11.3,688.0,429.0,2262.58
6,1,1,299.1,0,0,0.963,2.29,15.1,1251.0,673.0,2970.86
3,0,7,293.7,0,0,1.008,2.17,33.8,909.0,758.0,1559.64
0,0,6,212.6,0,0,1.095,2.51,24.3,678.0,321.0,1622.83
5,1,10,99.9,0,0,1.042,0.62,22.9,957.0,327.0,1058.4
4,0,12,220.1,0,0,0.932,0.76,24.7,776.0,482.0,1628.65
4,0,9,68.0,0,0,0.993,0.27,18.2,405.0,314.0,60.92
1,0,1,57.7,0,0,0.952,2.13,30.6,478.0,257.0,1277.82
6,1,4,114.4,1,0,0.977,0.08,22.7,881.0,398.0,1694.05
4,0,9,165.7,0,0,0.975,1.82,11.3,475.0,264.0,1531.75
1,0,4,267.1,0,0,0.971,4.08,11.6,627.0,413.0,1477.37
0,0,10,231.8,0,0,0.925,4.43,23.0,768.0,518.0,2206.78
3,0,3,235.7,1,0,0.992,1.19,34.2,583.0,350.0,2081.52
3,0,9,156.4,0,0,0.966,1.23,16.6,595.0,324.0,2118.4
3,0,2,136.5,0,0,0.824,0.16,32.3,809.0,426.0,2303.04
4,0,4,142.8,0,0,1.123,2.22,29.4,355.0,224.0,1620.97
0,0,6,296.9,0,0,1.065,3.44,14.9,657.0,676.0,2040.98
4,0,2,60.0,0,0,0.977,0.56,9.0,451.0,320.0,1868.16
6,1,8,266.8,0,0,1.001,1.09,10.9,1136.0,482.0,1763.21
4,0,8,194.7,1,0,0.93,3.65,28.4,556.0,330.0,1742.38
0,0,1,159.7,0,0,1.102,4.19,13.6,616.0,192.0,1619.74
0,0,12,231.3,1,0,1.114,0.56,18.4,747.0,424.0,3018.13
6,1,3,171.7,0,0,1.009,1.6,22.0,948.0,517.0,1913.61
0,0,10,268.4,0,0,1.061,0.43,28.3,922.0,533.0,2079.55
0,0,9,275.2,1,0,1.011,0.21,11.2,1104.0,648.0,2199.9
3,0,5,155.4,0,0,0.92,4.84,19.4,648.0,254.0,2154.92
6,1,6,119.2,0,0,0.975,3.44,21.6,776.0,422.0,2128.15
2,0,4,198.1,0,0,1.008,2.85,23.1,638.0,381.0,2104.51
2,0,10,278.1,0,0,0.973,0.1,30.9,884.0,571.0,1964.76
0,0,2,102.7,0,0,0.987,3.71,12.8,702.0,316.0,1396.7
2,0,11,205.7,0,0,0.995,1.15,30.6,556.0,316.0,1253.33
2,0,8,207.9,0,0,0.995,0.84,27.4,617.0,341.0,1771.67
0,0,11,233.3,0,0,1.003,1.58,23.6,929.0,603.0,1777.12
2,0,6,82.9,0,0,0.936,0.19,27.6,652.0,322.0,1037.28
4,0,5,229.0,0,0,0.957,2.83,19.5,757.0,570.0,1922.5
1,0,9,277.3,0,0,0.923,1.75,11.9,1034.0,626.0,2198.38
6,1,1,94.9,0,0,1.059,0.41,26.6,672.0,320.0,1253.88
1,0,5,109.4,0,0,0.874,0.42,22.7,825.0,218.0,1814.39
0,0,6,292.8,0,0,1.069,0.41,25.9,825.0,555.0,2150.05
3,0,5,95.2,1,0,1.083,0.12,17.5,530.0,278.0,1561.69
6,1,6,263.6,0,0,0.982,1.77,33.4,1362.0,805.0,2752.31
0,0,6,173.1,0,0,0.844,3.67,24.4,874.0,497.0,1769.07
3,0,7,111.8,0,0,0.978,0.04,10.4,551.0,427.0,1429.31
1,0,4,267.7,0,0,0.996,0.1,20.6,926.0,614.0,2215.66
0,0,11,161.3,0,0,0.939,1.7,29.2,639.0,325.0,1189.08
6,1,8,178.7,1,0,0.969,3.42,30.2,1175.0,519.0,3068.16
6,1,7,139.8,0,0,1.092,0.79,21.8,709.0,389.0,1284.32
5,1,9,198.2,1,0,1.04,0.86,33.1,824.0,388.0,2324.75
4,0,7,90.9,1,0,0.945,1.81,15.5,437.0,226.0,2116.96
2,0,3,147.8,1,0,0.904,0.64,19.5,823.0,385.0,2505.97
3,0,3,292.4,1,0,0.98,0.05,33.2,1008.0,741.0,2783.89
5,1,8,114.5,0,0,0.987,2.66,33.1,682.0,167.0,1494.02
2,0,5,214.2,0,0,1.03,1.97,27.2,768.0,567.0,2316.39
2,0,4,131.3,0,0,0.968,1.74,32.1,414.0,225.0,1662.09
0,0,8,243.4,0,0,1.031,2.71,10.5,778.0,398.0,1785.43
2,0,6,82.7,0,0,1.116,2.25,32.2,404.0,334.0,1002.9
4,0,2,292.5,0,0,1.049,0.46,17.0,1041.0,678.0,1591.32
6,1,4,163.4,0,0,0.997,0.87,13.0,737.0,504.0,1787.42
5,1,12,109.0,0,0,0.989,0.27,14.7,576.0,370.0,1378.16
2,0,11,68.4,0,0,0.979,0.28,19.7,351.0,377.0,1545.97
0,0,4,92.4,0,0,1.071,2.26,15.0,254.0,266.0,1262.04
4,0,6,179.9,0,0,0.962,3.91,17.0,858.0,435.0,2499.04
1,0,6,134.3,1,0,1.003,6.58,11.8,752.0,399.0,2075.45
6,1,1,257.2,0,1,1.003,1.98,16.3,1050.0,678.0,1830.99
6,1,8,157.7,0,0,0.97,0.41,24.0,992.0,385.0,1725.94
5,1,6,112.2,0,0,0.918,0.22,20.4,823.0,307.0,1916.39
6,1,3,204.3,0,0,1.019,3.35,17.7,878.0,456.0,1550.19
2,0,9,226.7,0,0,0.996,1.73,28.9,717.0,307.0,1989.81
0,0,2,91.8,0,0,1.03,1.93,33.0,416.0,264.0,627.45
6,1,11,91.9,0,0,0.968,3.04,29.2,530.0,125.0,1353.62
6,1,8,59.2,0,1,1.073,2.43,17.3,577.0,251.0,575.42
1,0,10,234.1,0,0,0.947,3.6,28.8,816.0,573.0,2020.38
1,0,3,216.0,0,0,1.103,0.12,12.3,719.0,425.0,1365.73
3,0,12,168.7,0,0,0.895,2.75,11.6,753.0,547.0,2209.69
4,0,5,261.0,0,0,1.026,3.81,17.7,776.0,412.0,2091.36
2,0,6,251.4,0,1,1.029,0.67,30.6,670.0,591.0,881.58
6,1,10,196.3,1,0,0.952,2.05,14.9,949.0,539.0,2497.44
6,1,6,267.1,0,0,1.025,0.75,9.8,1097.0,463.0,3161.4
0,0,4,101.5,0,0,1.077,6.34,11.7,289.0,456.0,1839.08
3,0,3,78.0,0,0,0.867,0.07,32.0,599.0,268.0,1827.97
4,0,4,117.4,0,0,1.03,1.73,25.7,533.0,237.0,1592.21
3,0,1,64.3,0,0,0.85,0.36,15.1,492.0,123.0,1287.69
5,1,4,182.8,0,0,0.942,2.49,23.5,853.0,432.0,1154.61
4,0,1,284.2,1,0,1.098,0.39,22.8,798.0,550.0,2215.23
6,1,12,59.8,0,0,0.965,0.54,26.4,519.0,244.0,1092.71
6,1,1,80.5,0,0,0.93,1.36,14.5,773.0,288.0,897.14
4,0,10,163.0,0,0,0.988,4.93,32.2,531.0,412.0,1399.55
6,1,6,283.5,0,0,1.124,0.48,16.7,1070.0,583.0,1558.41
2,0,5,129.0,0,0,0.89,0.31,27.4,949.0,250.0,1795.76
4,0,11,176.8,0,0,0.937,2.85,8.5,613.0,383.0,2033.36
3,0,4,60.4,1,0,1.09,1.39,18.4,395.0,22.0,1840.83
4,0,11,87.1,0,0,1.111,4.86,17.8,276.0,248.0,1398.27
6,1,3,296.7,0,0,0.994,0.32,23.2,1224.0,583.0,2147.37
2,0,1,291.3,1,0,0.926,2.08,10.0,805.0,584.0,1942.23
2,0,6,51.2,0,0,1.126,0.53,30.1,334.0,293.0,422.75
5,1,2,288.0,1,0,1.096,0.34,14.1,875.0,505.0,2039.06
3,0,8,209.8,0,0,1.041,2.3,27.0,654.0,527.0,1570.29
1,0,10,267.0,1,0,0.951,1.8,30.5,759.0,498.0,2473.88
1,0,5,163.7,0,0,0.997,2.81,23.7,729.0,542.0,1513.44
4,0,7,178.9,1,1,0.99,0.74,28.7,567.0,359.0,1255.21
5,1,10,172.2,1,0,1.02,1.19,26.5,891.0,378.0,2204.24
0,0,12,216.7,0,0,1.087,1.04,18.0,605.0,496.0,1740.69
4,0,2,84.9,1,0,1.053,8.28,30.6,403.0,208.0,2375.98
5,1,8,57.5,0,0,0.935,0.69,16.3,697.0,201.0,964.53
3,0,2,127.0,0,0,1.083,0.7,24.0,380.0,250.0,1408.63
3,0,4,226.2,0,0,1.019,0.88,28.9,759.0,480.0,1932.45
3,0,1,100.5,0,0,1.041,1.66,18.6,643.0,417.0,1392.46
3,0,5,218.4,0,0,1.088,0.58,16.5,555.0,278.0,1918.04
3,0,9,292.5,0,0,0.933,4.94,20.9,1092.0,631.0,2944.83
5,1,1,73.5,0,0,0.998,0.62,30.9,829.0,364.0,1249.36
5,1,9,218.2,1,0,0.968,4.52,34.0,870.0,511.0,2575.43
2,0,11,160.9,1,1,0.906,0.22,23.3,541.0,466.0,1201.44
1,0,8,267.0,0,1,1.021,2.14,26.5,850.0,544.0,1191.0
6,1,6,94.3,0,0,1.151,4.75,33.3,472.0,253.0,1656.1
3,0,7,223.2,0,0,0.89,0.37,10.8,1081.0,591.0,2304.44
0,0,3,259.5,0,0,0.998,6.9,14.5,825.0,544.0,3003.37
6,1,1,286.2,0,0,1.038,1.21,27.8,938.0,560.0,1722.42
5,1,5,220.8,0,0,1.007,5.83,31.1,797.0,526.0,2184.97
0,0,12,174.3,0,0,0.993,2.26,32.0,786.0,374.0,1571.28
0,0,12,204.5,1,0,0.922,0.72,19.6,718.0,400.0,2451.04
0,0,2,267.2,0,0,1.014,0.42,10.5,826.0,504.0,1459.11
2,0,5,192.7,0,0,0.955,0.72,20.3,845.0,569.0,2069.4
5,1,8,57.6,0,0,0.869,0.2,14.5,688.0,9.0,1095.84
0,0,11,282.7,0,0,1.072,0.31,16.2,788.0,589.0,1785.25
3,0,9,222.4,0,0,1.058,0.22,29.6,685.0,467.0,1309.07
4,0,2,219.1,0,0,1.003,1.1,10.1,817.0,352.0,1728.12
0,0,12,103.9,0,0,1.014,3.18,31.2,565.0,322.0,1933.5
2,0,3,214.7,0,0,1.064,0.3,20.0,639.0,483.0,1726.81
6,1,3,148.5,1,0,1.013,0.28,24.7,791.0,444.0,2338.11
5,1,1,212.8,1,0,1.054,2.06,10.5,827.0,269.0,2864.16
2,0,8,76.6,0,0,0.982,0.44,17.4,294.0,320.0,1198.24
0,0,6,214.5,0,0,1.079,0.21,10.5,681.0,395.0,1506.28
5,1,12,299.9,0,0,1.019,0.37,34.9,1308.0,736.0,2793.47
4,0,8,62.1,0,0,1.012,5.15,30.6,306.0,255.0,1129.61
0,0,11,294.3,0,0,0.924,3.45,20.9,872.0,517.0,2185.05
2,0,9,151.7,0,0,1.017,0.87,14.3,482.0,391.0,928.01
1,0,5,267.7,0,0,0.95,2.13,34.1,972.0,545.0,2668.69
3,0,12,245.6,0,0,0.962,1.54,17.6,883.0,366.0,1944.39
6,1,3,191.8,0,0,0.951,2.26,12.5,913.0,566.0,2118.74
2,0,5,234.6,1,0,0.936,2.3,23.8,723.0,424.0,2047.69
5,1,5,269.6,1,0,1.127,1.98,34.4,923.0,500.0,2753.49
0,0,5,151.0,0,0,1.08,0.62,8.1,334.0,276.0,976.54
3,0,3,131.8,0,0,1.115,0.08,14.7,466.0,333.0,1242.47
0,0,11,216.9,1,0,0.927,1.22,34.3,912.0,498.0,2828.62
5,1,10,252.0,0,0,1.004,4.43,12.8,850.0,576.0,2516.95
0,0,4,240.6,1,0,0.922,1.69,11.2,675.0,376.0,2303.15
1,0,9,249.5,0,0,0.958,3.57,24.0,1030.0,506.0,1752.11
3,0,10,158.9,1,0,0.945,9.56,32.1,599.0,361.0,3534.87
3,0,9,254.5,0,0,1.074,0.36,21.4,871.0,691.0,2696.04
5,1,2,80.1,1,0,0.976,2.35,35.8,665.0,280.0,2206.52
6,1,8,186.1,1,0,1.064,2.24,27.0,789.0,528.0,2052.2
1,0,8,51.4,0,0,1.036,7.82,10.1,419.0,209.0,1389.91
2,0,7,131.1,0,0,1.138,8.48,35.8,318.0,242.0,1427.1
0,0,8,141.6,1,0,0.911,2.32,19.4,688.0,348.0,2569.74
4,0,3,149.0,0,0,1.076,0.56,16.0,477.0,321.0,1480.39
0,0,6,223.9,1,0,1.069,3.2,23.6,520.0,481.0,1942.6
0,0,1,147.1,0,0,0.942,0.23,16.5,693.0,485.0,1493.26
2,0,7,162.2,0,0,1.06,3.03,10.4,532.0,390.0,1993.44
0,0,1,109.4,0,0,1.02,4.82,8.0,480.0,382.0,2087.01
1,0,9,143.3,0,0,0.986,0.97,20.6,455.0,246.0,1947.83
1,0,1,106.8,1,0,0.951,1.99,31.4,754.0,306.0,2345.59
3,0,1,68.3,0,0,0.957,1.12,24.0,585.0,201.0,1260.48
5,1,7,200.9,0,0,1.123,1.15,36.0,894.0,505.0,838.72
6,1,2,217.1,0,0,1.0,0.74,16.0,897.0,471.0,2091.17
4,0,5,204.9,0,0,1.047,2.87,15.9,455.0,455.0,1680.08
0,0,8,165.9,1,0,0.953,5.5,12.5,914.0,367.0,2541.01
0,0,8,144.9,1,0,0.953,5.65,12.6,629.0,363.0,2237.46
2,0,3,265.8,0,0,1.065,0.38,16.0,677.0,569.0,1447.41
5,1,7,179.8,1,0,0.919,4.15,30.2,991.0,309.0,2768.35
1,0,3,169.8,1,0,0.975,2.67,33.4,805.0,594.0,2613.99
4,0,6,56.4,0,1,1.002,0.58,35.3,408.0,187.0,496.28
3,0,6,135.3,1,0,1.007,0.14,14.5,717.0,204.0,2251.77
1,0,3,145.0,0,0,0.989,0.62,32.7,731.0,393.0,1911.14
5,1,7,149.7,0,0,1.024,4.87,17.2,646.0,372.0,1642.42
6,1,3,195.0,1,1,1.042,2.01,11.2,768.0,441.0,1322.23
3,0,8,183.4,0,0,1.044,2.55,32.4,738.0,507.0,1935.28
6,1,10,202.0,1,0,0.941,0.59,25.8,638.0,490.0,2236.34
2,0,4,241.2,1,0,0.983,2.54,12.6,782.0,530.0,2810.0
2,0,1,253.2,0,0,1.072,0.06,20.0,563.0,513.0,1989.76
0,0,4,229.5,1,0,1.054,0.94,16.0,648.0,457.0,2924.81
6,1,7,288.9,0,1,0.918,1.97,28.6,1124.0,774.0,2451.58
5,1,11,54.6,0,0,1.021,0.32,20.7,545.0,116.0,1202.48
4,0,4,98.9,0,0,0.881,3.46,35.7,550.0,300.0,274.38
3,0,6,51.9,1,0,1.003,0.54,9.5,269.0,181.0,1786.45
1,0,9,211.9,0,0,1.114,2.11,17.9,885.0,556.0,1817.87
5,1,1,274.5,0,0,0.943,1.04,21.5,1330.0,588.0,2290.98
5,1,5,110.9,0,0,0.95,1.81,22.1,632.0,180.0,1379.55
2,0,11,281.8,0,0,1.046,0.23,16.8,1008.0,612.0,2076.73
6,1,7,65.1,0,0,0.907,0.03,28.4,675.0,296.0,1638.68
0,0,1,283.6,0,0,0.962,4.81,32.5,921.0,704.0,1967.63
0,0,4,137.9,0,0,1.036,0.63,34.3,532.0,230.0,1078.99
3,0,6,75.4,0,0,0.962,3.43,30.5,410.0,325.0,1515.55
2,0,2,171.5,1,0,0.986,14.68,31.8,775.0,610.0,3186.31
5,1,10,114.2,0,0,1.045,0.48,23.4,699.0,307.0,1732.75
4,0,5,121.2,0,1,1.025,0.62,31.1,460.0,194.0,165.34
2,0,11,126.8,1,0,1.016,2.17,16.5,381.0,256.0,1406.5
3,0,10,250.8,0,0,0.98,6.73,19.2,715.0,505.0,2076.93
3,0,1,184.8,1,0,1.022,4.95,16.9,450.0,417.0,2218.33
2,0,6,127.8,0,0,0.993,1.4,21.1,565.0,279.0,2011.68
3,0,6,202.6,1,0,1.027,3.17,16.0,534.0,534.0,1470.22
2,0,4,229.0,0,0,0.97,0.29,34.9,756.0,397.0,1853.5
1,0,8,118.2,0,0,0.989,7.58,16.8,712.0,205.0,1394.7
2,0,4,153.4,0,0,0.941,6.67,10.7,810.0,495.0,1496.98
6,1,8,80.5,1,0,0.998,0.36,22.8,659.0,106.0,2086.06
2,0,8,95.3,0,0,0.951,0.71,9.6,529.0,264.0,1519.71
3,0,5,220.3,0,0,0.933,0.21,11.1,1033.0,780.0,2345.75
6,1,4,95.4,1,0,1.016,0.63,14.1,738.0,321.0,2213.59
3,0,12,181.3,1,0,1.013,3.39,21.0,610.0,310.0,1992.59
0,0,2,227.3,0,0,1.047,0.95,20.1,536.0,435.0,1560.94
0,0,11,76.7,1,0,0.974,0.19,30.4,527.0,253.0,2467.42
6,1,3,191.8,1,0,1.024,0.84,28.7,959.0,495.0,2324.42
1,0,3,114.1,0,0,1.033,7.97,19.9,419.0,334.0,1920.0
0,0,4,290.7,0,0,1.027,1.99,17.3,890.0,504.0,2229.98
2,0,4,170.9,0,0,0.95,1.08,16.9,648.0,530.0,1086.52
3,0,10,251.5,0,0,1.009,0.36,29.7,772.0,536.0,1294.18
0,0,11,187.6,0,0,1.022,8.56,9.5,355.0,414.0,1619.87
0,0,11,60.9,0,0,1.0,3.44,8.4,395.0,162.0,1582.82
1,0,5,208.3,0,0,0.875,0.66,30.3,958.0,604.0,2430.91
6,1,4,287.9,0,0,1.01,0.15,21.4,990.0,583.0,2573.2
6,1,11,200.4,0,0,1.133,0.12,11.7,774.0,478.0,1392.74
5,1,10,254.8,1,0,0.978,0.26,14.6,940.0,479.0,3066.11
1,0,8,271.1,1,0,0.956,1.74,34.1,929.0,491.0,2341.65
2,0,6,107.0,0,0,1.022,5.28,32.1,466.0,337.0,1664.72
6,1,6,103.0,1,0,1.019,1.37,27.9,575.0,263.0,1835.39
3,0,8,202.7,0,0,1.072,3.7,21.5,794.0,394.0,1913.04
1,0,7,152.8,0,0,0.925,1.18,22.6,792.0,350.0,2253.95
0,0,10,260.0,0,0,1.044,2.47,35.3,703.0,569.0,1843.74
3,0,11,275.0,0,0,1.035,2.63,35.0,874.0,515.0,1788.02
3,0,12,138.4,1,0,0.991,0.38,14.0,650.0,347.0,1942.1
0,0,10,109.2,0,0,1.02,0.9,30.7,575.0,307.0,1312.24
1,0,8,245.1,0,0,1.062,2.03,13.5,525.0,306.0,2917.91
0,0,2,118.7,0,0,1.052,0.15,14.0,606.0,206.0,1603.09
5,1,9,255.7,0,0,0.931,0.9,26.9,1012.0,596.0,2143.83
3,0,1,155.9,0,0,1.049,1.53,19.3,520.0,292.0,1133.55
4,0,8,216.9,0,0,0.996,11.16,34.1,1054.0,616.0,2074.28
4,0,12,73.9,0,0,1.004,1.29,10.5,480.0,322.0,899.8
2,0,11,206.0,1,0,1.004,3.39,22.3,661.0,497.0,2367.25
6,1,12,162.9,1,0,0.991,1.13,33.7,570.0,515.0,2579.92
0,0,12,196.7,0,0,1.072,3.18,33.3,789.0,447.0,2372.54
0,0,4,92.0,1,0,0.995,1.81,12.4,328.0,288.0,1688.78
2,0,4,234.2,0,0,0.933,4.35,18.3,715.0,437.0,1981.86
2,0,5,265.7,0,1,0.976,1.06,25.3,815.0,738.0,1372.69
2,0,8,104.2,0,0,1.011,1.85,12.5,668.0,477.0,1380.94
3,0,5,73.9,0,0,1.074,1.99,35.1,467.0,243.0,1900.54
5,1,8,55.9,1,0,1.036,1.08,33.6,557.0,269.0,1636.49
0,0,10,210.5,0,0,0.949,0.31,12.7,809.0,583.0,1897.29
3,0,1,201.8,0,0,1.149,0.2,11.4,482.0,387.0,700.3
2,0,12,186.7,0,0,1.016,0.03,10.4,674.0,366.0,1572.47
0,0,10,108.0,0,0,1.077,4.14,33.5,448.0,349.0,1794.99
3,0,9,147.7,1,0,0.991,0.54,13.4,721.0,388.0,1660.37
5,1,6,198.6,0,0,1.032,0.48,19.7,981.0,509.0,1738.34
3,0,3,174.2,0,0,1.05,2.66,20.6,657.0,334.0,2008.6
5,1,8,296.9,0,0,1.073,0.77,24.8,977.0,474.0,1726.05
2,0,9,84.1,0,0,1.063,1.41,10.0,494.0,279.0,1627.95
5,1,6,223.8,0,0,1.052,0.35,14.3,884.0,578.0,1788.53
0,0,11,151.1,0,0,0.981,6.43,34.1,491.0,321.0,1664.08
2,0,7,157.0,0,0,0.966,3.82,33.4,600.0,483.0,1432.52
0,0,1,229.4,0,0,1.02,3.99,29.9,749.0,429.0,2212.64
4,0,5,223.1,1,0,1.056,1.04,8.5,799.0,403.0,3129.12
1,0,5,297.8,1,0,0.987,2.87,17.2,887.0,589.0,3006.3
5,1,10,82.1,0,0,1.064,0.31,25.6,455.0,243.0,900.1
1,0,4,76.0,0,0,1.087,0.02,15.7,372.0,287.0,1475.46
1,0,6,231.1,0,0,0.945,0.04,33.5,831.0,441.0,1893.83
5,1,7,194.6,1,0,0.95,1.77,25.7,962.0,595.0,3006.21
2,0,9,118.5,0,0,0.992,1.22,10.0,656.0,491.0,1845.65
4,0,1,69.9,0,0,1.018,1.46,33.5,544.0,249.0,318.29
0,0,6,71.4,0,0,0.969,0.01,34.8,403.0,326.0,868.33
3,0,7,273.5,0,0,1.081,1.1,10.2,692.0,442.0,2245.57
0,0,3,98.0,0,0,1.025,2.53,22.9,346.0,333.0,1356.95
3,0,8,130.8,0,0,1.002,1.17,16.5,643.0,429.0,1218.93
0,0,5,106.7,0,0,0.914,2.64,19.0,773.0,412.0,1518.93
5,1,9,138.7,0,0,0.921,0.53,13.0,819.0,389.0,1056.39
4,0,5,67.4,0,0,1.017,3.35,24.2,389.0,0.0,1180.43
3,0,9,179.8,0,0,0.872,1.78,34.8,963.0,417.0,2876.3
6,1,10,66.9,0,0,1.061,0.47,22.1,634.0,217.0,1580.59
2,0,4,250.1,0,0,0.991,0.54,10.3,862.0,454.0,2780.48
0,0,9,108.4,0,0,1.195,1.98,25.4,179.0,236.0,1371.81
0,0,5,185.0,0,0,1.138,3.54,17.5,613.0,371.0,2084.33
3,0,10,270.0,1,0,0.989,1.07,32.0,739.0,466.0,3152.37
2,0,9,212.7,0,0,0.994,0.6,20.2,596.0,350.0,1838.93
2,0,3,183.2,0,0,1.06,4.03,13.4,565.0,336.0,1657.46
5,1,4,131.1,0,0,1.102,2.21,13.4,590.0,425.0,1887.97
6,1,9,133.3,0,0,0.902,1.19,29.5,838.0,335.0,2310.07
5,1,10,217.4,0,0,0.893,1.34,15.4,869.0,453.0,1873.51
5,1,11,298.5,0,0,0.963,0.46,29.5,1249.0,632.0,2312.78
5,1,6,215.5,0,0,1.035,1.97,13.8,1031.0,552.0,2200.23
5,1,2,189.4,1,0,1.03,0.89,17.0,615.0,447.0,2371.58
5,1,7,232.7,0,0,1.064,10.87,21.0,1019.0,299.0,2840.29
4,0,2,166.3,1,0,0.928,1.31,34.4,607.0,463.0,1646.63
2,0,11,65.0,1,0,0.861,1.33,34.1,672.0,387.0,2623.63
5,1,2,190.6,0,0,1.051,1.67,13.8,821.0,369.0,1618.95
2,0,11,289.4,1,0,0.95,4.97,18.0,932.0,516.0,2758.61
2,0,1,93.8,0,0,0.879,3.23,12.2,587.0,254.0,1222.5
1,0,11,222.5,1,0,1.009,1.2,22.3,882.0,443.0,3361.41
4,0,11,100.2,0,0,1.048,2.54,20.9,304.0,259.0,1322.04
5,1,12,184.0,0,0,0.993,1.76,33.2,948.0,315.0,1706.56
0,0,11,74.2,0,0,0.973,1.36,34.0,608.0,181.0,1712.18
3,0,3,162.6,0,0,0.99,0.43,18.7,721.0,522.0,1991.32
6,1,6,239.0,0,0,0.978,1.25,21.8,1279.0,528.0,2352.63
0,0,8,136.9,0,0,0.919,0.56,33.1,591.0,442.0,1909.93
4,0,9,216.2,0,0,0.957,4.93,30.6,890.0,526.0,1981.2
3,0,7,248.9,0,0,1.031,0.82,8.1,754.0,365.0,1711.53
4,0,4,281.8,0,0,1.019,6.08,17.0,992.0,647.0,1834.42
2,0,6,108.7,0,0,1.01,1.52,19.8,506.0,282.0,928.53
3,0,5,149.8,1,0,0.94,2.0,14.4,613.0,326.0,2668.27
2,0,8,88.1,1,0,0.989,1.57,13.6,644.0,314.0,2428.55
0,0,1,298.1,1,0,0.869,0.28,9.1,968.0,649.0,2743.76
0,0,1,281.8,0,0,1.011,0.94,26.0,683.0,591.0,2630.24
3,0,11,185.0,0,0,1.086,0.21,15.4,522.0,481.0,1482.06
3,0,6,260.5,0,0,0.912,1.95,9.5,984.0,602.0,2203.84
5,1,10,180.2,1,0,0.965,1.18,14.5,1063.0,379.0,2454.35
4,0,12,205.9,0,0,1.02,3.01,30.5,705.0,410.0,1890.39
5,1,2,72.3,0,0,1.075,0.5,31.8,728.0,528.0,1428.6
4,0,5,238.8,0,0,0.973,0.36,21.5,642.0,533.0,2266.33
5,1,1,81.9,1,0,0.958,1.04,19.6,652.0,478.0,1954.48
2,0,7,256.5,0,0,0.882,5.22,35.4,897.0,659.0,2731.89
3,0,1,245.5,0,0,1.006,2.48,13.6,771.0,528.0,2411.73
0,0,4,227.2,0,1,1.123,1.09,14.0,642.0,485.0,998.03
4,0,9,59.0,0,0,1.017,1.46,16.2,484.0,225.0,875.95
4,0,1,125.8,0,0,0.999,0.18,12.8,500.0,172.0,840.09
0,0,4,115.8,0,0,1.019,8.34,18.6,529.0,306.0,1819.89
5,1,6,140.0,0,0,0.999,2.2,33.5,775.0,480.0,1765.01
4,0,6,71.9,1,0,0.951,0.67,25.2,381.0,175.0,1601.63
6,1,12,284.2,0,0,1.049,1.76,19.5,1005.0,635.0,2321.92
2,0,8,188.5,1,0,1.014,0.23,34.2,646.0,483.0,3044.63
3,0,1,126.4,1,0,1.001,6.75,9.4,532.0,245.0,1614.67
0,0,7,149.2,0,0,0.941,0.38,13.9,661.0,335.0,895.97
3,0,1,161.8,0,0,1.078,2.09,23.8,554.0,284.0,1686.35
6,1,7,200.1,0,0,1.04,0.56,25.2,809.0,396.0,1718.22
4,0,3,178.9,1,0,0.967,2.53,9.1,844.0,340.0,2405.39
4,0,11,279.8,0,0,1.06,3.0,19.3,659.0,456.0,2245.85
6,1,8,174.2,0,0,0.97,2.24,26.2,792.0,541.0,2386.16
0,0,3,298.0,0,0,0.953,1.91,27.5,1277.0,600.0,2120.18
2,0,1,262.9,0,0,0.954,4.46,25.9,747.0,535.0,2043.54
1,0,8,102.1,0,0,0.894,0.16,17.0,448.0,232.0,1445.67
0,0,3,282.6,0,0,1.028,0.8,10.6,925.0,679.0,2477.85
1,0,2,79.1,0,0,0.89,0.57,20.0,319.0,324.0,1960.89
6,1,1,254.4,0,0,0.926,8.85,11.6,1054.0,645.0,3021.39
5,1,3,145.2,0,0,0.875,0.99,34.5,1172.0,493.0,2144.03
1,0,2,269.5,0,0,0.995,2.64,21.3,659.0,497.0,1736.49
2,0,2,267.0,0,0,0.991,2.31,16.9,605.0,406.0,1746.63
5,1,6,251.5,0,0,0.98,0.48,29.5,843.0,686.0,1923.13
1,0,12,247.5,1,0,0.937,0.55,21.9,965.0,489.0,2791.61
6,1,1,126.2,0,0,0.93,0.66,16.7,958.0,456.0,1926.54
5,1,2,70.2,0,0,1.028,1.06,30.7,551.0,339.0,886.17
6,1,6,150.7,0,0,0.967,0.53,32.3,917.0,380.0,1711.49
1,0,3,93.4,0,0,1.019,0.04,26.8,635.0,382.0,1735.92
6,1,4,223.7,0,0,0.947,4.23,9.3,1215.0,633.0,2610.3
2,0,1,136.5,0,0,1.011,6.74,23.9,533.0,469.0,2010.15
1,0,8,293.9,1,0,1.078,0.84,29.4,533.0,482.0,2430.88
1,0,7,210.2,0,0,1.035,0.83,11.8,587.0,327.0,2221.55
1,0,7,255.6,0,0,0.975,0.01,14.4,785.0,483.0,2050.75
0,0,3,83.1,0,0,1.015,2.28,32.7,420.0,260.0,1191.09
0,0,10,265.5,0,0,0.986,3.49,8.6,823.0,548.0,1873.38
0,0,10,280.7,0,0,1.0,0.32,29.1,995.0,564.0,2357.39
2,0,3,171.8,0,0,0.98,0.35,21.3,816.0,277.0,901.9
5,1,2,201.6,0,0,0.99,3.12,20.5,892.0,518.0,2031.28
6,1,12,241.2,0,0,1.013,1.92,8.2,1101.0,728.0,2244.44
4,0,1,93.7,0,0,0.94,0.09,30.9,590.0,328.0,954.16
1,0,7,175.6,0,0,0.939,1.95,18.1,720.0,463.0,1511.37
6,1,7,149.7,0,0,0.917,0.74,23.1,991.0,484.0,2243.82
1,0,12,86.6,0,0,0.904,0.92,27.0,578.0,311.0,1527.81
2,0,2,141.9,1,0,0.927,2.94,27.7,904.0,486.0,2425.38
1,0,7,67.0,0,0,1.01,3.33,34.8,252.0,222.0,1309.18
0,0,8,56.5,0,0,0.946,1.02,22.9,405.0,184.0,1198.93
4,0,1,83.8,0,0,1.031,5.88,19.2,422.0,181.0,1872.31
3,0,9,290.8,1,0,1.002,1.04,34.7,932.0,575.0,2743.79
1,0,7,187.4,1,0,0.882,2.96,26.0,945.0,499.0,2048.57
6,1,3,291.5,0,0,1.039,1.32,16.3,1041.0,593.0,2905.05
0,0,8,158.1,1,0,1.049,4.56,11.5,397.0,354.0,2086.88
3,0,7,128.0,0,0,0.94,4.77,31.6,717.0,392.0,1667.49
4,0,11,176.5,0,0,1.025,0.18,18.1,718.0,482.0,1273.03
3,0,8,159.9,1,0,0.949,5.51,26.5,438.0,442.0,2302.23
0,0,6,76.4,1,0,1.006,3.49,21.2,447.0,247.0,1716.64
5,1,9,210.2,0,0,0.924,3.13,13.6,805.0,369.0,2566.79
5,1,5,104.0,0,0,0.892,0.45,24.8,736.0,304.0,1469.71
3,0,3,204.9,0,0,0.977,3.27,9.7,624.0,434.0,1553.1
2,0,3,212.6,0,0,0.993,3.8,19.6,830.0,334.0,2361.08
6,1,1,88.0,1,0,0.976,0.68,23.3,714.0,419.0,2256.8
6,1,12,65.3,0,0,0.929,6.08,20.2,547.0,259.0,1638.46
3,0,8,245.2,0,0,0.976,0.1,29.0,920.0,569.0,2360.31
1,0,2,165.0,0,0,1.016,0.32,31.2,442.0,456.0,1490.9
1,0,3,64.5,0,1,0.997,1.54,29.6,471.0,181.0,441.97
6,1,8,298.7,0,0,1.011,1.72,9.1,989.0,662.0,2751.76
6,1,8,64.4,0,0,0.96,2.07,13.4,625.0,254.0,1620.24
5,1,11,223.8,1,0,1.07,0.03,23.0,938.0,501.0,2336.37
2,0,4,295.9,1,0,0.929,6.46,34.2,1025.0,558.0,3561.23
0,0,4,109.8,0,0,1.029,0.09,31.4,651.0,455.0,688.02
1,0,5,85.6,1,0,1.071,0.31,31.6,390.0,211.0,2282.37
6,1,6,80.3,1,0,1.029,0.03,16.5,669.0,346.0,1178.95
5,1,5,125.8,1,0,0.988,1.67,20.0,711.0,203.0,1774.86
4,0,7,75.3,0,0,0.968,5.38,21.2,504.0,346.0,1529.34
5,1,2,223.0,0,0,1.062,2.19,12.4,937.0,599.0,2051.18
1,0,7,65.6,0,0,0.915,3.46,8.9,505.0,247.0,1736.45
1,0,10,177.4,0,0,0.942,0.03,34.5,496.0,354.0,1210.49
5,1,7,299.2,0,0,0.976,1.56,14.7,1162.0,683.0,2608.05
0,0,1,253.5,0,0,1.074,1.23,14.7,776.0,703.0,1831.88
3,0,7,203.8,0,0,1.023,1.38,10.3,603.0,284.0,1769.34
1,0,5,126.6,0,0,0.942,0.15,34.0,457.0,366.0,1407.69
5,1,3,206.0,0,0,0.981,2.31,24.2,1108.0,456.0,2267.68
6,1,3,181.8,0,0,0.963,1.4,26.7,959.0,468.0,1838.35
5,1,4,156.5,1,0,0.957,2.9,33.5,828.0,394.0,2160.12
2,0,12,82.7,1,0,1.059,1.33,17.7,270.0,179.0,1567.16
3,0,2,271.7,1,0,0.918,0.32,25.4,827.0,551.0,2869.72
4,0,2,162.4,1,0,1.097,2.09,9.1,685.0,301.0,1818.28
0,0,1,98.7,0,0,1.05,0.38,13.2,464.0,354.0,953.71
4,0,5,141.9,1,0,1.065,4.12,31.3,452.0,177.0,2151.61
3,0,4,153.5,0,0,0.972,1.9,29.5,696.0,427.0,1754.5
3,0,11,256.9,0,0,0.991,0.34,17.8,725.0,487.0,2234.11
3,0,10,233.4,0,0,0.914,6.56,18.6,1033.0,453.0,2155.25
4,0,2,242.3,0,0,0.969,1.46,22.9,978.0,563.0,1592.2
6,1,3,52.8,0,0,1.03,0.15,8.0,520.0,103.0,908.87
3,0,7,154.0,0,0,1.078,1.97,14.8,455.0,339.0,1186.43
5,1,7,170.3,1,0,0.934,0.58,13.8,593.0,269.0,1957.25
4,0,12,54.8,0,0,0.978,3.26,15.0,254.0,213.0,899.92
3,0,4,115.0,0,0,0.991,3.41,30.6,378.0,200.0,1675.74
5,1,5,240.1,1,0,0.916,7.72,15.8,1080.0,528.0,2897.27
6,1,5,84.3,0,0,1.035,1.39,13.4,594.0,303.0,1421.57
2,0,6,183.8,0,0,0.957,1.21,22.1,550.0,329.0,1701.85
6,1,9,103.8,0,0,0.988,2.8,32.2,686.0,317.0,1713.92
3,0,2,53.0,0,0,0.973,0.28,14.8,494.0,101.0,1121.61
4,0,5,110.3,0,0,0.953,1.58,10.2,631.0,369.0,1703.67
1,0,12,294.0,1,0,1.0,1.58,18.0,660.0,686.0,2223.74
3,0,3,250.4,0,0,0.987,0.19,28.9,798.0,744.0,2580.1
1,0,4,289.9,0,0,0.978,1.08,23.4,736.0,562.0,2035.08
5,1,10,172.0,1,0,0.956,3.84,30.9,996.0,529.0,2132.51
2,0,6,77.4,0,0,1.019,3.88,34.9,530.0,116.0,1507.1
0,0,12,187.0,0,0,1.099,0.21,30.2,467.0,498.0,1243.99
6,1,8,163.6,0,0,1.008,0.19,24.9,727.0,464.0,1942.52
2,0,1,261.1,0,0,1.06,0.61,21.8,707.0,476.0,2700.57
3,0,10,74.5,0,0,0.917,4.16,9.1,262.0,301.0,987.77
1,0,8,172.1,0,0,1.009,0.28,35.6,675.0,381.0,1816.54
6,1,11,87.5,0,0,0.934,2.55,18.7,708.0,270.0,968.28
1,0,7,131.2,1,0,0.911,0.21,12.3,767.0,409.0,2215.12
4,0,1,234.3,0,0,0.956,1.95,26.7,681.0,392.0,1638.32
1,0,2,169.0,0,0,1.072,0.88,16.0,492.0,443.0,1286.61
4,0,3,144.0,0,0,1.057,3.11,24.4,350.0,218.0,1020.36
5,1,1,148.6,0,0,1.015,0.53,24.4,662.0,287.0,1836.16
6,1,9,164.9,0,0,0.908,2.04,20.5,780.0,341.0,2200.26
6,1,8,246.3,0,0,0.988,0.54,31.4,1124.0,641.0,2342.17
0,0,2,273.0,1,0,1.018,2.5,15.4,744.0,487.0,2183.72
3,0,9,288.8,0,0,1.011,4.14,20.6,882.0,475.0,2889.91
4,0,7,246.7,0,0,0.889,0.27,23.1,858.0,479.0,1822.71
0,0,9,128.9,0,0,0.947,4.03,26.6,459.0,304.0,831.48
1,0,6,222.0,0,0,0.996,1.8,30.0,728.0,378.0,2092.76
1,0,6,159.4,0,0,1.032,0.27,19.1,659.0,291.0,1180.57
0,0,11,113.7,0,0,0.868,1.12,26.1,514.0,468.0,1881.89
6,1,4,260.2,0,0,0.99,0.35,12.2,1127.0,529.0,2136.67
1,0,10,59.6,0,0,1.009,2.41,34.1,309.0,167.0,1376.04
5,1,10,275.4,1,0,1.051,2.84,18.7,942.0,550.0,3170.47
5,1,2,165.4,1,0,1.042,0.22,28.4,853.0,395.0,1766.87
0,0,7,209.3,1,0,1.035,1.41,8.6,604.0,482.0,1931.68
4,0,5,214.8,1,0,0.952,3.37,13.7,782.0,550.0,2435.16
4,0,11,273.8,0,0,0.886,5.5,21.6,924.0,549.0,3023.98
0,0,6,209.2,1,0,0.976,1.44,32.6,757.0,364.0,2089.13
4,0,2,203.5,0,0,1.06,6.0,22.8,361.0,478.0,1571.46
6,1,5,66.7,1,0,1.084,1.53,34.0,330.0,198.0,1694.68
6,1,10,179.6,1,1,1.043,1.0,21.5,890.0,592.0,1230.42
4,0,4,87.5,0,0,1.026,3.77,21.7,574.0,100.0,1502.16
5,1,9,234.4,1,0,1.023,1.36,11.4,837.0,524.0,1860.05
4,0,6,178.1,0,0,0.967,1.28,30.5,660.0,559.0,2588.02
6,1,2,220.1,0,0,0.992,1.35,14.9,983.0,492.0,1628.85
2,0,1,60.4,0,0,1.1,3.75,33.2,404.0,195.0,1157.19
3,0,5,71.2,0,0,0.943,3.57,33.5,256.0,220.0,1244.32
1,0,9,229.1,0,0,1.097,1.03,34.4,555.0,401.0,2412.92
2,0,6,68.0,0,0,0.981,0.81,22.6,415.0,200.0,716.55
4,0,10,67.8,1,0,1.08,1.35,27.0,440.0,202.0,2285.78
5,1,12,53.0,0,0,0.916,1.7,29.8,990.0,271.0,1987.89
0,0,7,289.1,1,0,1.035,0.54,11.7,816.0,668.0,2666.56
4,0,5,234.4,1,0,0.956,3.16,24.8,644.0,507.0,2063.26
5,1,10,138.3,1,0,0.915,1.33,9.0,910.0,428.0,2437.92
3,0,6,124.1,1,1,1.013,0.81,21.9,694.0,412.0,835.66
4,0,5,137.4,0,0,1.061,0.23,12.3,527.0,309.0,1819.47
6,1,11,243.7,1,0,0.949,0.55,13.1,929.0,476.0,2147.56
0,0,9,215.3,1,0,0.91,5.96,18.2,936.0,457.0,2682.2
5,1,6,96.3,0,0,0.994,0.73,20.1,778.0,331.0,1367.44
5,1,11,93.5,0,0,0.995,0.37,25.4,569.0,201.0,1001.39
5,1,8,74.6,0,0,1.033,1.23,10.1,662.0,242.0,1623.73
3,0,2,215.1,0,0,1.057,0.73,22.1,793.0,435.0,2064.5
4,0,12,241.1,0,0,0.996,0.07,13.1,928.0,705.0,2524.09
3,0,9,116.3,0,0,1.111,0.78,24.1,413.0,60.0,571.93
1,0,5,55.2,0,0,1.013,1.57,25.8,354.0,183.0,1497.97
1,0,7,70.5,0,0,0.979,1.6,23.6,609.0,405.0,2323.33
4,0,10,292.0,1,0,0.903,0.88,28.7,835.0,587.0,2494.77
6,1,1,123.9,0,0,0.984,1.19,17.4,816.0,432.0,2374.85
3,0,10,242.3,0,0,0.98,6.73,29.4,640.0,487.0,2107.11
0,0,5,206.2,0,0,1.058,0.95,20.1,783.0,411.0,1363.2
5,1,12,145.5,0,0,1.028,0.6,21.6,732.0,202.0,1483.72
5,1,10,101.4,1,0,0.929,0.56,26.1,926.0,383.0,2517.81
4,0,2,80.3,0,0,1.01,1.22,8.5,509.0,196.0,955.42
6,1,12,203.8,0,0,1.04,2.85,26.3,720.0,385.0,1692.28
1,0,6,243.7,0,0,1.092,0.46,25.3,867.0,486.0,2209.08
1,0,11,211.0,0,0,1.053,2.47,16.7,855.0,624.0,2046.46
5,1,1,182.6,1,0,1.046,0.04,10.4,925.0,657.0,2508.84
4,0,3,60.5,0,0,1.004,1.09,10.5,326.0,215.0,1143.92
3,0,5,292.1,0,0,1.023,2.99,33.9,824.0,538.0,2458.47
1,0,4,249.7,0,0,1.075,0.83,27.3,742.0,414.0,1776.28
3,0,3,123.2,0,0,0.92,1.66,11.6,542.0,354.0,1586.39
6,1,10,295.0,0,0,0.979,0.46,18.0,1314.0,819.0,2297.34
1,0,5,200.5,0,0,0.954,2.71,24.6,765.0,434.0,2426.35
1,0,11,195.6,0,0,1.023,0.11,31.4,344.0,173.0,1182.42
2,0,8,237.0,0,0,1.074,3.83,9.2,741.0,546.0,2426.45
1,0,11,252.9,0,0,0.964,0.44,14.6,800.0,602.0,1955.11
0,0,4,214.1,1,0,0.857,4.15,32.9,863.0,363.0,2682.83
4,0,1,82.0,1,0,0.975,0.87,8.3,445.0,261.0,1446.5
4,0,11,134.6,0,0,1.055,2.57,13.6,611.0,380.0,1225.47
3,0,7,282.0,1,0,1.032,0.77,34.9,966.0,586.0,2069.93
6,1,8,106.2,0,0,1.026,4.73,25.2,721.0,268.0,1351.99
1,0,3,143.0,0,0,0.983,0.27,15.3,562.0,425.0,1389.5
0,0,6,158.0,1,0,0.923,0.39,9.9,688.0,355.0,2113.6
3,0,2,159.9,1,0,1.031,1.36,8.8,591.0,251.0,2280.38
2,0,7,203.2,1,0,0.95,0.17,14.9,660.0,272.0,1939.99
3,0,8,285.8,0,0,1.131,0.44,32.7,810.0,666.0,1807.78
3,0,6,110.2,0,0,1.034,5.76,19.6,541.0,350.0,1138.13
1,0,6,80.4,1,1,0.965,7.5,28.2,680.0,300.0,1480.15
2,0,5,99.4,0,0,0.963,0.94,33.7,686.0,281.0,2032.43
3,0,8,271.7,0,0,0.994,5.14,19.4,767.0,497.0,2702.91
0,0,1,211.5,0,0,0.986,1.57,13.4,836.0,395.0,2190.08
0,0,10,121.5,0,0,1.067,0.63,22.5,362.0,244.0,1455.1
4,0,4,254.0,0,0,1.011,2.42,33.4,880.0,371.0,2760.63
2,0,4,265.3,0,0,0.956,2.15,30.5,813.0,482.0,2295.34
2,0,3,261.6,1,0,1.113,9.04,9.8,587.0,466.0,2814.74
4,0,3,279.7,0,0,1.003,0.62,27.4,890.0,622.0,2097.38
3,0,4,113.1,0,0,1.046,2.23,24.0,159.0,224.0,660.92
2,0,11,238.8,0,0,0.964,0.11,33.4,604.0,531.0,1623.75
0,0,1,165.1,0,0,1.022,0.24,11.4,587.0,484.0,1559.9
0,0,11,260.5,0,0,1.019,0.01,23.0,812.0,620.0,2068.13
1,0,11,232.1,0,0,0.887,15.05,32.6,833.0,543.0,3491.09
2,0,2,244.1,1,0,1.121,3.24,19.5,478.0,449.0,2215.85
3,0,9,214.0,0,0,1.077,3.09,21.5,552.0,349.0,2174.64
4,0,10,94.4,1,0,0.976,1.43,10.0,559.0,344.0,1647.62
4,0,2,186.3,0,0,0.934,0.71,15.8,808.0,580.0,1793.31
3,0,5,296.2,0,0,1.021,0.33,17.1,870.0,617.0,1713.13
6,1,9,284.3,0,0,1.005,0.67,34.5,1202.0,795.0,2285.71
5,1,9,60.8,0,0,1.021,0.94,15.9,648.0,140.0,1481.15
1,0,8,91.2,1,0,1.011,2.82,20.9,381.0,153.0,1679.79
4,0,1,82.9,0,0,1.03,1.55,26.8,402.0,308.0,1594.09
2,0,1,231.5,0,0,1.087,0.16,12.5,508.0,460.0,1688.84
1,0,9,254.4,1,0,1.034,0.04,21.6,762.0,623.0,2258.7
2,0,11,103.4,1,0,0.937,0.22,28.7,703.0,323.0,2698.26
6,1,8,176.5,1,0,1.082,1.06,32.3,853.0,373.0,2211.7
0,0,10,260.2,0,0,1.098,5.41,25.5,890.0,533.0,2727.54
1,0,9,233.2,1,0,1.189,2.03,26.7,541.0,325.0,1960.03
4,0,7,185.6,0,0,0.933,3.24,11.5,900.0,372.0,2274.2
1,0,3,197.6,0,0,1.015,1.26,34.5,657.0,506.0,2155.58
1,0,3,177.1,0,0,0.875,0.9,11.7,956.0,533.0,2082.78
1,0,2,124.4,0,0,1.033,0.23,29.7,513.0,341.0,583.49
5,1,5,191.3,0,0,0.967,4.17,15.4,1000.0,352.0,2161.69
1,0,12,222.2,0,0,1.115,3.06,34.1,806.0,459.0,2466.39
2,0,12,268.3,1,0,0.954,0.37,28.2,860.0,456.0,2706.3
0,0,3,209.1,0,0,0.899,1.44,29.1,846.0,574.0,2237.33
6,1,6,240.3,0,0,0.972,1.34,14.1,1164.0,534.0,1712.37
3,0,2,90.0,0,0,0.881,1.96,20.4,583.0,198.0,1216.86
1,0,12,165.4,1,0,1.045,5.84,25.3,427.0,346.0,2248.69
4,0,3,52.3,0,0,0.876,1.73,29.6,786.0,229.0,1709.0
1,0,5,111.7,0,0,1.002,1.55,10.9,465.0,406.0,1807.82
4,0,12,231.6,1,0,0.875,0.1,34.9,907.0,461.0,2464.39
2,0,11,298.0,1,0,0.981,0.13,32.9,1054.0,516.0,2899.79
4,0,11,74.8,0,0,1.099,0.41,15.6,278.0,33.0,943.18
3,0,1,150.4,0,0,1.022,0.07,31.0,458.0,330.0,1081.51
0,0,1,250.0,1,0,0.948,2.72,22.5,882.0,492.0,1818.26
4,0,10,101.0,0,0,0.998,2.57,20.9,289.0,125.0,1363.97
4,0,9,188.8,0,0,1.001,0.29,16.8,642.0,510.0,1763.85
0,0,7,233.3,1,0,1.028,3.62,24.3,768.0,547.0,2284.38
3,0,1,204.0,0,0,0.918,0.34,28.4,758.0,454.0,1328.72
1,0,12,97.0,0,0,1.036,0.72,19.5,273.0,340.0,1360.16
4,0,8,138.8,0,0,0.838,0.57,25.6,931.0,466.0,1825.43
0,0,3,245.9,0,0,0.962,0.93,27.6,842.0,458.0,2269.0
2,0,8,188.6,0,0,0.971,0.59,27.9,878.0,379.0,2567.73
0,0,5,51.3,1,0,1.038,1.34,9.5,333.0,254.0,698.1
2,0,1,240.2,0,0,1.001,1.05,32.1,674.0,515.0,1696.87
3,0,7,58.8,0,0,0.916,8.62,20.8,534.0,251.0,1612.21
1,0,5,236.4,0,0,0.941,0.12,15.3,806.0,437.0,2457.64
0,0,6,100.6,0,0,1.012,0.31,14.8,348.0,299.0,600.58
6,1,6,289.5,1,0,0.995,0.11,21.5,1260.0,599.0,3561.55
6,1,8,142.0,0,0,0.965,1.97,32.8,744.0,371.0,1823.23
5,1,9,131.7,0,0,0.971,0.11,18.6,571.0,448.0,1463.17
4,0,2,87.2,0,0,1.042,3.62,29.0,592.0,230.0,1438.59
3,0,9,126.4,0,0,0.969,1.43,10.7,523.0,191.0,1258.54
0,0,12,269.2,0,0,0.995,1.5,21.3,771.0,453.0,2433.66
6,1,11,299.1,0,0,1.13,1.65,35.8,756.0,650.0,1798.19
4,0,10,142.1,1,1,0.915,0.37,29.6,878.0,427.0,1457.01
6,1,9,162.2,0,0,0.889,0.44,13.9,781.0,400.0,1634.85
0,0,10,230.5,0,0,1.047,0.77,22.0,721.0,440.0,1599.41
2,0,10,271.5,0,0,0.959,1.8,14.5,993.0,623.0,3219.63
0,0,7,198.3,1,0,0.981,0.47,19.5,766.0,383.0,2361.8
5,1,1,147.9,0,0,0.953,0.25,29.8,835.0,429.0,2006.76
0,0,7,153.2,0,0,0.984,7.02,29.6,418.0,269.0,2143.54
0,0,10,223.9,0,0,1.096,0.04,14.4,555.0,368.0,1113.85
5,1,5,50.8,0,0,1.048,3.25,33.8,576.0,185.0,1996.38
3,0,6,204.9,1,0,1.052,3.1,24.6,564.0,389.0,1304.6
0,0,10,138.9,0,0,0.915,0.71,18.6,687.0,360.0,1369.53
5,1,7,248.5,0,1,0.931,0.29,22.1,1148.0,607.0,1276.37
4,0,5,73.2,1,0,0.83,0.31,24.9,732.0,0.0,2048.33
2,0,7,197.1,1,0,0.951,2.39,23.7,596.0,351.0,2265.74
2,0,9,170.2,1,0,1.057,2.06,21.6,847.0,402.0,2204.36
0,0,3,210.6,1,0,1.031,3.05,22.1,782.0,590.0,2428.49
3,0,8,66.2,0,0,0.987,5.54,12.9,446.0,142.0,1044.98
3,0,2,195.0,0,0,0.999,2.35,30.8,822.0,471.0,1473.23
4,0,11,190.4,0,0,0.959,0.34,23.2,1006.0,609.0,2324.83
0,0,7,190.2,0,0,1.012,0.56,11.7,495.0,282.0,1755.97
2,0,2,200.9,0,0,1.046,3.69,29.5,629.0,458.0,2447.27
3,0,4,219.1,0,0,0.903,0.47,34.1,550.0,369.0,1496.01
0,0,7,251.2,0,0,1.018,0.15,34.5,808.0,483.0,2263.62
6,1,3,117.5,1,0,1.056,2.43,18.3,723.0,281.0,1905.49
3,0,2,256.3,0,0,0.975,1.03,11.8,833.0,476.0,2465.5
5,1,11,174.6,1,0,1.042,5.05,22.5,729.0,633.0,2765.96
6,1,10,69.3,0,0,1.169,2.1,11.2,224.0,255.0,1056.75
3,0,7,64.6,0,0,0.994,0.19,34.2,480.0,322.0,1138.64
2,0,1,133.6,0,0,1.024,5.91,13.1,718.0,403.0,2188.74
1,0,8,246.2,0,0,0.956,0.6,15.1,766.0,380.0,2165.95
6,1,3,226.9,0,0,1.011,0.82,19.4,996.0,563.0,1887.13
4,0,12,247.2,1,0,1.028,1.03,18.7,579.0,558.0,1777.24
4,0,12,179.3,0,0,1.012,0.11,30.3,702.0,347.0,1603.1
2,0,2,160.0,0,0,0.939,1.37,20.8,634.0,456.0,2236.15
3,0,3,86.9,0,0,1.012,0.26,12.8,370.0,295.0,1547.99
0,0,5,132.0,0,0,1.088,1.02,15.5,385.0,444.0,935.82
3,0,11,158.5,1,0,1.027,0.86,22.3,543.0,325.0,1515.93
2,0,8,72.2,1,0,1.058,2.96,12.1,432.0,145.0,2071.81
4,0,10,105.2,0,0,0.986,3.25,25.1,367.0,231.0,973.29
3,0,7,199.6,0,1,1.045,0.33,23.8,606.0,536.0,988.68
4,0,7,233.9,0,0,1.017,0.91,28.0,746.0,344.0,1690.45
6,1,12,299.6,1,0,0.943,0.93,34.3,1024.0,459.0,3350.11
0,0,7,283.3,0,0,1.019,0.33,33.5,1063.0,620.0,2082.38
6,1,8,210.6,0,0,0.94,3.2,34.5,878.0,453.0,2558.78
4,0,1,155.3,1,0,0.962,2.46,14.9,568.0,361.0,2102.16
4,0,4,209.0,0,0,1.011,0.42,11.7,589.0,504.0,1784.14
1,0,6,246.4,1,0,1.018,0.91,16.5,991.0,510.0,1858.13
1,0,9,79.6,0,0,0.929,0.22,33.1,597.0,125.0,588.99
6,1,2,152.5,0,0,1.063,1.98,35.2,629.0,532.0,1640.14
5,1,1,260.0,0,0,1.034,0.26,32.1,1118.0,516.0,2377.67
6,1,10,146.0,1,0,0.958,8.53,11.1,858.0,322.0,2135.11
1,0,12,193.0,1,0,0.908,3.03,34.5,809.0,542.0,2112.56
4,0,2,196.9,0,0,0.991,0.99,19.9,661.0,398.0,1950.59
2,0,7,96.1,0,0,0.973,1.73,8.3,429.0,256.0,1481.94
6,1,3,140.6,0,0,1.007,4.85,20.4,815.0,430.0,1884.22
4,0,10,133.6,1,0,0.978,1.62,9.3,524.0,412.0,2169.11
2,0,2,56.5,0,0,0.88,0.38,23.2,752.0,251.0,1056.18
2,0,11,56.0,0,1,0.977,0.95,17.5,283.0,305.0,45.33
1,0,7,257.9,0,0,0.982,3.7,21.3,1019.0,402.0,2915.27
6,1,2,118.3,1,0,1.038,2.07,25.2,685.0,400.0,2047.47
3,0,3,179.5,0,0,0.958,2.1,32.3,737.0,356.0,1912.27
0,0,11,124.7,0,0,1.101,4.03,26.5,549.0,429.0,2417.26
1,0,7,285.2,0,0,0.885,4.49,20.2,909.0,595.0,1971.53
1,0,4,114.8,1,0,1.079,5.05,30.9,555.0,255.0,2291.84
3,0,1,157.4,0,0,0.987,0.2,33.4,303.0,363.0,1944.18
0,0,5,268.2,0,0,1.052,1.57,11.4,698.0,593.0,1880.18
4,0,12,260.5,1,0,1.005,2.7,22.9,705.0,565.0,2787.0
5,1,9,96.5,0,0,1.068,2.83,16.0,474.0,188.0,988.66
6,1,8,250.7,0,0,0.977,1.87,9.3,999.0,522.0,1974.75
5,1,12,164.5,0,0,0.934,0.36,26.7,941.0,445.0,2064.13
4,0,9,170.7,1,0,1.085,3.19,32.2,641.0,390.0,2449.24
1,0,10,83.4,0,0,0.993,2.55,12.6,502.0,321.0,1767.29
0,0,9,70.2,1,0,1.013,0.18,30.7,347.0,52.0,2012.77
1,0,7,232.0,0,0,1.074,1.25,31.9,734.0,512.0,1918.25
2,0,4,174.1,0,0,0.938,0.38,33.6,725.0,391.0,2201.2
1,0,5,159.2,0,0,1.036,0.82,15.4,695.0,323.0,1500.73
1,0,1,232.4,1,0,0.965,0.04,33.3,893.0,458.0,2768.27
4,0,1,241.4,0,0,0.992,1.02,17.0,794.0,491.0,2064.99
4,0,3,89.7,1,0,1.004,1.6,23.5,367.0,0.0,1722.31
4,0,8,202.6,0,0,0.91,1.93,9.4,717.0,390.0,2015.03
5,1,2,83.8,0,0,0.953,2.18,9.2,648.0,220.0,892.73
2,0,4,237.8,0,0,1.081,3.62,28.2,657.0,519.0,1607.36
4,0,2,214.2,1,0,1.053,0.49,20.4,707.0,394.0,2214.72
0,0,5,289.2,0,0,0.996,0.26,15.2,968.0,583.0,1641.9
5,1,9,67.2,0,0,1.015,3.81,13.3,614.0,387.0,1789.52
3,0,1,64.3,0,0,0.982,0.34,26.8,448.0,306.0,1522.22
0,0,5,120.5,1,0,1.081,7.36,8.0,477.0,372.0,2160.33
6,1,9,115.4,0,0,0.988,3.7,30.6,681.0,295.0,1311.92
6,1,1,111.7,1,0,1.014,1.39,10.2,599.0,357.0,2341.6
0,0,9,276.6,0,0,1.069,7.97,13.4,574.0,488.0,2914.05
4,0,8,112.4,0,0,0.953,0.2,18.8,488.0,277.0,1395.88
3,0,4,118.0,0,0,1.094,0.72,21.6,499.0,334.0,1527.37
3,0,12,239.8,1,0,0.908,2.03,17.9,787.0,457.0,2538.63
5,1,11,162.4,1,0,1.098,0.86,17.0,699.0,514.0,2249.91
3,0,10,244.2,0,0,0.978,5.27,35.0,867.0,514.0,2295.79
6,1,5,66.3,0,0,0.985,0.14,26.0,710.0,331.0,1412.81
2,0,5,171.9,0,0,0.887,1.59,8.7,628.0,508.0,2063.71
4,0,11,58.4,0,0,0.973,1.79,20.0,564.0,325.0,2178.73
3,0,12,65.7,0,0,0.938,2.12,32.5,629.0,152.0,957.36
5,1,6,276.6,0,0,0.964,0.59,16.4,954.0,618.0,2201.05
6,1,7,84.8,0,0,0.992,0.91,10.6,579.0,346.0,947.16
2,0,8,183.1,0,0,1.057,3.71,29.2,752.0,501.0,2511.29
1,0,8,152.8,0,0,1.012,0.43,25.0,575.0,269.0,1307.77
1,0,11,136.8,0,0,1.018,3.51,24.0,289.0,229.0,874.91
2,0,2,275.0,0,0,0.934,1.65,9.5,748.0,619.0,2338.7
6,1,9,55.5,0,0,0.947,2.87,11.9,634.0,192.0,2019.78
5,1,7,215.9,1,0,1.108,2.5,25.4,684.0,432.0,2496.64
2,0,4,290.8,0,0,0.956,0.47,13.8,876.0,710.0,2299.63
4,0,4,190.0,0,0,1.099,1.68,22.1,585.0,401.0,1807.1
4,0,11,284.2,0,0,0.985,4.05,23.3,1058.0,555.0,2998.21
1,0,8,63.1,0,0,1.0,1.13,15.9,391.0,144.0,812.04
3,0,4,154.7,0,0,1.064,6.8,34.6,674.0,407.0,1920.26
5,1,6,115.0,0,0,1.076,1.2,31.6,825.0,256.0,1483.06
1,0,5,232.7,1,0,0.993,0.31,28.2,944.0,508.0,2084.25
3,0,3,295.3,0,0,0.977,0.99,10.2,948.0,631.0,2162.61
3,0,10,114.1,0,0,0.997,6.06,11.0,296.0,360.0,1855.51
4,0,11,213.5,0,0,1.02,0.77,21.8,762.0,522.0,2092.26
6,1,2,99.5,0,0,1.053,4.05,12.5,771.0,277.0,1887.73
0,0,9,191.3,0,0,1.0,4.26,35.4,673.0,518.0,2042.39
6,1,10,166.0,1,0,1.037,0.86,12.4,1004.0,436.0,2494.14
0,0,9,293.0,0,1,1.098,0.17,21.6,891.0,491.0,936.77
2,0,1,202.1,0,0,1.023,2.58,18.2,750.0,439.0,1800.36
4,0,10,137.4,0,1,1.019,0.75,25.9,686.0,477.0,808.62
3,0,3,78.5,0,1,0.909,3.06,11.6,588.0,285.0,682.67
5,1,8,87.8,1,0,0.842,1.17,20.0,534.0,273.0,1938.56
0,0,6,106.3,0,0,1.023,1.33,15.7,429.0,404.0,1284.15
6,1,5,112.7,0,0,0.994,3.01,32.9,875.0,256.0,1678.23
3,0,5,262.7,0,0,0.969,0.96,9.1,759.0,424.0,3087.58
0,0,6,190.3,1,0,1.015,1.17,33.6,639.0,287.0,2442.56
0,0,7,180.8,0,0,0.996,0.94,31.3,540.0,415.0,1796.09
0,0,1,78.7,0,0,1.068,0.92,16.3,604.0,289.0,1245.64
5,1,9,265.0,0,0,1.005,1.49,30.1,1227.0,747.0,2372.41
4,0,3,230.7,0,0,0.955,3.31,8.9,700.0,496.0,1954.48
5,1,4,66.9,0,0,1.059,0.9,35.1,592.0,226.0,1431.8
1,0,10,227.0,0,0,0.987,1.49,22.7,685.0,470.0,1247.37
3,0,1,185.9,0,0,1.032,2.22,16.5,714.0,435.0,1261.95
4,0,11,70.4,0,0,0.971,0.63,18.2,531.0,117.0,1012.95
4,0,10,164.6,0,0,0.961,0.65,9.9,766.0,627.0,1866.18
4,0,3,171.2,0,0,1.005,5.42,35.7,677.0,442.0,1894.12
6,1,2,91.4,0,0,1.001,2.57,9.1,1034.0,393.0,2346.95
4,0,2,286.4,0,0,1.029,1.72,26.3,721.0,597.0,1603.61
5,1,1,262.5,0,0,0.984,2.09,20.4,836.0,599.0,1915.19
4,0,8,217.3,1,0,0.89,0.06,34.6,798.0,469.0,2915.65
2,0,3,165.6,0,0,0.974,1.93,14.9,469.0,302.0,1579.49
3,0,3,152.9,0,0,1.048,1.42,22.9,379.0,367.0,1721.69
4,0,6,212.7,0,0,0.982,1.58,21.5,623.0,471.0,2541.92
3,0,8,186.4,1,1,0.985,0.89,27.7,577.0,334.0,919.77
2,0,9,65.6,0,0,1.059,0.17,9.9,257.0,304.0,934.81
2,0,9,178.1,0,0,0.957,0.43,13.4,761.0,449.0,1676.85
3,0,4,251.6,0,0,0.907,6.02,14.0,835.0,587.0,1678.49
0,0,5,164.8,0,0,0.99,1.05,28.7,618.0,493.0,1588.73
1,0,2,63.0,0,0,0.971,1.26,13.3,562.0,250.0,1607.93
6,1,11,246.6,0,0,0.942,0.11,24.1,959.0,573.0,2351.45
0,0,9,100.3,0,0,0.989,0.08,14.0,479.0,341.0,1504.6
0,0,8,114.7,1,1,1.029,2.53,32.1,544.0,248.0,872.61
5,1,3,91.2,0,0,0.999,1.54,34.4,450.0,264.0,1118.02
6,1,11,132.6,0,0,1.018,1.42,22.5,461.0,321.0,1869.8
6,1,12,239.2,0,0,1.109,0.56,17.9,911.0,453.0,1815.67
0,0,9,179.8,0,0,0.979,2.73,14.6,739.0,609.0,2017.22
4,0,3,101.2,0,0,1.017,0.37,9.4,733.0,216.0,1499.9
5,1,9,269.5,0,0,0.969,0.42,15.5,1088.0,497.0,2788.05
5,1,2,269.9,0,0,0.949,1.24,26.3,1189.0,727.0,2850.02
2,0,12,267.6,1,0,0.965,0.67,22.9,847.0,608.0,2095.7
6,1,10,109.7,1,0,0.971,0.57,34.4,784.0,266.0,1611.63
0,0,9,162.8,0,0,1.022,2.07,19.1,804.0,465.0,2042.51
2,0,8,296.2,0,0,1.141,2.11,27.4,497.0,632.0,1922.19
3,0,9,243.0,1,0,0.957,3.48,21.7,879.0,525.0,2469.16
1,0,5,56.8,0,0,0.975,1.08,22.4,695.0,475.0,1829.47
5,1,11,66.3,1,0,0.996,0.15,15.5,670.0,136.0,1764.23
3,0,11,166.0,0,0,1.024,0.64,20.7,806.0,476.0,1803.45
3,0,2,277.3,0,0,1.016,7.82,21.2,763.0,639.0,2715.33
4,0,8,184.7,0,0,1.077,1.81,27.8,588.0,471.0,1577.88
1,0,12,174.5,0,0,0.854,2.47,34.3,799.0,413.0,2547.24
3,0,6,76.4,0,0,0.857,0.01,17.2,330.0,194.0,861.3
3,0,8,214.2,0,0,0.97,1.46,9.2,618.0,476.0,2018.07
1,0,11,255.5,0,0,1.066,0.08,21.9,614.0,555.0,2334.5
1,0,5,145.1,0,0,0.906,1.68,23.2,783.0,439.0,1339.53
3,0,10,243.9,0,0,0.82,5.07,12.7,1073.0,650.0,2424.99
1,0,2,291.1,1,0,1.034,6.91,29.3,887.0,505.0,3304.88
3,0,6,100.9,0,0,1.015,1.56,35.6,586.0,280.0,1887.55
3,0,5,180.8,1,0,0.935,1.23,34.5,707.0,343.0,2158.38
4,0,12,121.8,0,0,0.941,5.8,13.5,747.0,325.0,1602.46
0,0,12,248.2,0,0,0.942,2.24,32.5,856.0,610.0,2561.3
3,0,5,194.4,1,0,1.007,0.13,27.7,689.0,440.0,2570.02
2,0,1,208.6,0,0,0.962,1.25,20.7,723.0,664.0,1535.04
5,1,2,249.5,0,0,1.03,0.55,23.1,1051.0,585.0,1801.09
6,1,8,149.0,0,0,0.829,1.27,31.8,919.0,427.0,2058.95
0,0,3,278.8,0,0,0.949,1.22,21.4,1026.0,608.0,2571.4
0,0,10,183.3,0,0,0.932,1.75,18.4,598.0,349.0,1613.0
0,0,3,89.5,1,0,0.985,0.88,21.8,362.0,235.0,1839.29
4,0,8,224.0,0,0,0.968,0.36,24.2,863.0,592.0,1785.76
3,0,8,248.3,0,0,1.048,1.4,13.3,738.0,515.0,1211.58
4,0,2,129.2,0,0,0.888,3.55,33.2,615.0,275.0,1582.16
3,0,8,264.3,0,0,1.003,2.18,26.9,933.0,490.0,2264.24
4,0,11,276.5,0,0,1.034,0.83,25.7,747.0,505.0,1945.45
4,0,1,119.2,0,0,1.111,5.48,10.8,403.0,290.0,1052.66
5,1,6,295.9,0,0,0.971,4.87,24.9,1289.0,768.0,2198.04
2,0,8,85.2,0,0,1.019,0.47,11.4,636.0,182.0,1144.03
4,0,3,100.5,0,0,0.892,0.08,10.2,798.0,315.0,1886.91
5,1,8,96.1,0,0,0.856,2.7,22.8,802.0,347.0,2200.64
1,0,12,273.5,0,0,1.051,3.52,19.3,944.0,430.0,2692.02
2,0,1,213.6,0,0,1.0,6.88,24.5,614.0,372.0,1768.35
4,0,11,88.0,1,0,1.071,4.41,10.5,297.0,171.0,1221.36
6,1,11,160.1,0,0,0.918,1.84,20.1,621.0,313.0,1857.36
0,0,9,203.8,0,0,1.031,1.51,12.9,877.0,495.0,2180.82
1,0,11,70.9,0,0,1.112,0.06,35.6,226.0,177.0,1104.85
1,0,9,270.6,0,0,1.025,0.57,23.7,801.0,500.0,1349.27
5,1,5,250.9,0,0,1.017,1.23,27.2,876.0,571.0,1830.77
1,0,10,176.3,0,0,1.001,1.98,17.1,736.0,557.0,1835.82
2,0,4,291.8,0,0,0.906,1.63,10.7,933.0,728.0,2525.08
4,0,11,154.4,0,0,1.081,2.71,35.3,371.0,166.0,1702.18
4,0,6,296.0,0,0,0.963,0.66,16.0,982.0,658.0,2372.43
6,1,12,217.0,0,0,1.03,1.66,19.9,732.0,452.0,2006.97
0,0,7,208.7,0,0,0.906,0.18,26.2,711.0,465.0,1894.06
5,1,5,91.5,0,0,0.929,1.07,8.7,501.0,238.0,1555.7
0,0,11,270.5,1,0,1.086,2.77,30.7,584.0,511.0,2493.83
1,0,10,156.9,1,0,0.979,2.36,23.0,656.0,392.0,2155.18
6,1,9,90.6,1,0,1.087,9.34,15.8,358.0,194.0,1848.14
0,0,3,53.2,1,0,0.995,0.65,9.7,233.0,99.0,1341.64
2,0,7,189.9,1,0,0.889,1.38,12.5,790.0,410.0,2461.42
4,0,10,181.8,0,0,1.054,0.8,33.1,545.0,406.0,1718.38
1,0,10,229.8,0,0,0.965,1.16,27.2,1034.0,591.0,2369.75
6,1,11,272.6,0,0,1.042,3.89,15.0,1223.0,700.0,3058.47
0,0,5,69.9,0,0,1.002,2.31,9.8,334.0,171.0,1230.02
5,1,7,232.9,0,0,0.907,4.28,27.3,1125.0,587.0,2273.73
2,0,2,96.9,0,0,1.01,0.46,24.0,574.0,368.0,1710.71
2,0,4,264.5,0,0,1.132,4.13,19.3,626.0,596.0,1561.17
0,0,2,254.8,0,0,1.03,0.12,18.2,600.0,481.0,1429.06
4,0,12,185.2,1,0,0.997,4.39,14.1,672.0,399.0,2401.55
0,0,7,227.6,0,0,1.065,0.8,26.7,670.0,482.0,2018.13
1,0,2,128.6,0,0,1.013,0.76,35.2,492.0,221.0,982.72
0,0,11,167.8,0,0,1.013,1.44,12.9,676.0,381.0,1544.93
2,0,1,255.4,0,0,0.935,5.65,24.7,786.0,583.0,2119.77
6,1,9,164.8,1,0,1.014,0.1,19.9,677.0,445.0,1874.49
0,0,1,139.4,0,0,1.062,0.87,20.5,530.0,312.0,1770.16
4,0,8,173.6,1,0,0.95,3.88,15.1,744.0,434.0,2570.97
6,1,2,257.1,0,0,1.085,1.01,31.1,787.0,460.0,2004.93
5,1,12,133.8,0,0,0.994,0.44,21.6,884.0,454.0,1576.84
3,0,8,93.4,0,0,0.947,1.11,23.2,328.0,231.0,744.39
0,0,3,228.0,0,0,1.06,0.97,16.5,627.0,437.0,2267.93
4,0,6,256.5,0,0,0.983,4.94,13.1,799.0,499.0,2432.35
6,1,3,75.2,0,0,1.046,2.87,10.4,528.0,251.0,1090.49
4,0,7,110.0,0,0,0.982,1.41,28.0,470.0,250.0,1640.59
5,1,10,85.5,1,0,0.996,8.91,13.5,899.0,395.0,2414.66
2,0,9,137.0,0,0,1.03,1.25,27.3,442.0,281.0,1309.9
4,0,2,162.6,1,0,1.017,0.12,18.9,901.0,563.0,2402.2
6,1,12,237.2,0,0,0.88,0.61,19.6,1147.0,691.0,2107.34
4,0,12,212.8,0,0,0.933,1.15,21.1,804.0,405.0,1830.54
4,0,5,205.2,0,0,1.056,0.34,18.3,712.0,454.0,1805.41
4,0,6,138.1,0,0,0.992,5.9,10.8,888.0,351.0,1817.19
1,0,4,260.4,0,0,0.969,2.91,16.7,733.0,493.0,2330.61
1,0,4,167.8,0,0,0.918,0.62,26.6,583.0,538.0,2353.08
2,0,4,294.8,0,0,0.935,1.79,26.6,864.0,562.0,2034.18
0,0,2,208.5,1,0,0.879,2.56,16.0,842.0,508.0,1901.1
4,0,4,81.6,0,0,0.994,5.67,20.9,262.0,254.0,638.26
5,1,11,219.0,1,0,0.964,4.27,13.4,977.0,438.0,2579.33
0,0,1,131.3,0,0,0.942,1.45,13.9,824.0,314.0,1492.33
5,1,12,221.6,0,0,0.996,2.98,8.6,965.0,423.0,2202.78
0,0,6,67.4,0,1,1.022,1.65,33.1,378.0,146.0,331.89
2,0,1,93.7,0,0,1.126,1.61,13.9,288.0,2.0,463.27
4,0,10,263.9,0,0,0.909,0.24,14.4,1026.0,626.0,1634.08
4,0,6,106.8,0,0,1.07,0.27,15.8,345.0,421.0,1299.14
3,0,1,259.3,0,1,1.058,1.51,11.6,982.0,579.0,1335.61
5,1,6,119.8,0,0,0.953,0.63,25.9,1018.0,294.0,1685.85
0,0,10,210.7,1,0,1.012,0.04,10.1,740.0,409.0,1588.02
0,0,8,223.5,1,0,0.973,2.57,11.8,773.0,446.0,2553.52
1,0,11,178.2,0,0,1.011,0.07,26.1,769.0,346.0,2185.41
3,0,2,126.3,0,0,1.091,1.81,17.5,593.0,399.0,1605.34
6,1,2,103.2,0,0,1.036,1.55,27.8,573.0,363.0,1171.66
6,1,12,58.3,0,0,1.031,6.94,23.6,523.0,142.0,1524.63
1,0,4,126.0,0,0,0.974,1.32,15.2,419.0,353.0,902.64
1,0,11,213.3,0,0,0.911,0.13,26.2,865.0,611.0,2408.36
1,0,3,284.6,0,0,0.987,1.6,11.3,962.0,746.0,2353.47
5,1,4,267.8,0,0,1.072,3.68,23.0,801.0,771.0,1639.67
5,1,12,241.5,0,0,0.908,11.52,20.2,1020.0,482.0,2641.63
2,0,7,247.1,1,0,0.937,1.13,15.5,696.0,722.0,2587.54
2,0,11,216.2,1,0,1.008,0.77,24.9,617.0,415.0,2051.63
1,0,1,115.1,0,0,0.941,4.74,32.4,655.0,282.0,1663.79
3,0,6,276.8,1,0,0.952,0.42,36.0,813.0,581.0,2141.16
0,0,3,217.7,1,0,0.975,1.91,25.0,725.0,420.0,2531.44
5,1,11,190.1,0,0,0.918,1.04,19.3,767.0,473.0,1654.85
3,0,10,77.7,0,0,0.942,0.08,14.3,536.0,155.0,491.54
4,0,7,161.8,0,0,1.042,0.85,15.2,576.0,350.0,1407.5
5,1,10,165.1,1,0,0.922,0.62,21.4,821.0,525.0,2604.91
5,1,2,266.1,1,0,0.904,2.32,18.3,1105.0,596.0,2711.73
2,0,2,186.7,0,0,0.962,5.94,33.6,733.0,442.0,2710.57
0,0,4,145.1,0,0,1.044,0.62,18.3,448.0,362.0,1544.42
0,0,1,294.2,0,0,0.988,3.34,18.5,723.0,651.0,2356.03
6,1,3,77.7,0,0,0.972,0.11,18.7,900.0,201.0,1505.27
6,1,9,155.6,0,0,1.003,1.54,31.4,733.0,440.0,1753.49
6,1,7,60.5,1,0,0.895,0.15,26.2,714.0,254.0,1744.93
6,1,7,235.0,0,0,1.03,5.44,25.2,1062.0,568.0,2333.8
4,0,11,279.5,1,0,1.023,2.91,17.4,1260.0,732.0,3197.81
4,0,4,120.0,1,0,0.975,2.15,30.9,415.0,192.0,1474.39
5,1,2,264.6,0,0,1.06,3.47,9.1,1023.0,501.0,1924.16
1,0,4,123.1,0,0,0.932,2.09,32.4,529.0,159.0,1120.43
2,0,6,277.7,0,0,1.068,6.94,22.4,723.0,494.0,3017.26
2,0,11,238.5,0,0,1.009,2.5,19.2,681.0,589.0,2181.52
6,1,11,251.2,0,0,0.98,5.17,21.9,888.0,529.0,2437.93
5,1,3,54.5,0,0,0.999,1.46,26.7,605.0,139.0,945.55
3,0,1,290.7,0,0,0.994,0.25,8.4,711.0,512.0,2208.04
1,0,12,231.7,0,0,1.073,1.5,32.4,804.0,380.0,1930.99
5,1,8,126.2,0,0,0.935,0.27,20.5,824.0,286.0,1742.52
1,0,12,257.3,0,0,0.954,1.8,17.6,911.0,582.0,1870.57
1,0,5,120.4,0,0,1.062,1.32,11.9,423.0,195.0,1324.08
1,0,5,268.2,0,0,0.964,1.95,20.3,828.0,636.0,2051.72
5,1,11,78.1,0,0,1.054,0.02,21.9,637.0,275.0,1059.13
6,1,4,225.9,0,0,1.102,0.43,19.3,710.0,480.0,2062.49
2,0,6,185.2,0,0,0.976,1.35,27.0,651.0,390.0,1223.67
2,0,3,74.1,0,0,1.041,6.01,19.8,304.0,272.0,1547.38
6,1,9,110.5,0,0,0.931,0.97,34.9,683.0,392.0,1867.72
1,0,5,53.1,0,0,1.045,1.1,24.8,108.0,172.0,569.62
3,0,3,167.2,1,0,1.012,2.51,30.6,783.0,462.0,2007.37
0,0,11,125.3,0,0,1.028,1.85,11.1,440.0,281.0,1283.12
5,1,1,199.6,0,0,0.961,0.71,19.1,1078.0,558.0,2239.47
0,0,10,124.3,0,0,0.9,1.06,17.4,777.0,337.0,1634.77
6,1,12,125.0,0,0,1.03,0.49,23.9,565.0,323.0,1594.82
3,0,6,235.8,0,0,0.876,6.76,32.1,765.0,474.0,2956.99
5,1,2,62.0,0,0,0.981,0.28,10.2,950.0,288.0,1378.17
